{"cameraMode":{"drawMode":0,"name":"Shaded","section":"Shading Mode"},"sceneLighting":true,"audioPlay":false,"sceneViewState":{"m_AlwaysRefresh":false,"showFog":true,"showSkybox":true,"showFlares":true,"showImageEffects":true,"showParticleSystems":true,"showVisualEffectGraphs":true,"m_FxEnabled":true},"in2DMode":false,"pivot":{"x":7.0191569328308109,"y":-10.288507461547852,"z":13.457141876220704},"rotation":{"x":-0.43262815475463869,"y":-0.00036051380448043346,"z":0.00019190039893146604,"w":-0.90159010887146},"size":18.053508758544923,"orthographic":false}