{"cameraMode":{"drawMode":0,"name":"Shaded","section":"Shading Mode"},"sceneLighting":true,"audioPlay":false,"sceneViewState":{"m_AlwaysRefresh":false,"showFog":true,"showSkybox":true,"showFlares":true,"showImageEffects":true,"showParticleSystems":true,"showVisualEffectGraphs":true,"m_FxEnabled":true},"in2DMode":false,"pivot":{"x":-0.6206554770469666,"y":8.318948745727539,"z":28.63534164428711},"rotation":{"x":0.13908982276916505,"y":-0.6495266556739807,"z":0.12251973897218704,"w":0.7376657724380493},"size":31.272497177124025,"orthographic":true}