{"cameraMode":{"drawMode":0,"name":"Shaded","section":"Shading Mode"},"sceneLighting":true,"audioPlay":false,"sceneViewState":{"m_AlwaysRefresh":false,"showFog":true,"showSkybox":true,"showFlares":true,"showImageEffects":true,"showParticleSystems":true,"showVisualEffectGraphs":true,"m_FxEnabled":true},"in2DMode":false,"pivot":{"x":24.542266845703126,"y":17.50929069519043,"z":11.067855834960938},"rotation":{"x":0.1126834973692894,"y":0.8834181427955627,"z":-0.36353975534439089,"w":0.27378982305526736},"size":37.67448043823242,"orthographic":true}