{"cameraMode":{"drawMode":0,"name":"Shaded","section":"Shading Mode"},"sceneLighting":true,"audioPlay":false,"sceneViewState":{"m_AlwaysRefresh":false,"showFog":true,"showSkybox":true,"showFlares":true,"showImageEffects":true,"showParticleSystems":true,"showVisualEffectGraphs":true,"m_FxEnabled":true},"in2DMode":false,"pivot":{"x":2.2772927284240724,"y":0.39530056715011599,"z":1.3332889080047608},"rotation":{"x":-0.08964525908231735,"y":-0.8931851983070374,"z":0.38972359895706179,"w":-0.2057833969593048},"size":15.157326698303223,"orthographic":true}