{"cameraMode":{"drawMode":0,"name":"Shaded","section":"Shading Mode"},"sceneLighting":true,"audioPlay":false,"sceneViewState":{"m_AlwaysRefresh":false,"showFog":true,"showSkybox":true,"showFlares":true,"showImageEffects":true,"showParticleSystems":true,"showVisualEffectGraphs":true,"m_FxEnabled":true},"in2DMode":false,"pivot":{"x":0.3133881688117981,"y":0.7495874762535095,"z":-0.4864269495010376},"rotation":{"x":0.11168728023767472,"y":0.25758442282676699,"z":-0.029984332621097566,"w":0.9593373537063599},"size":1.0833768844604493,"orthographic":false}